﻿[
  {
    "CustomerId":
    1,
    "CustomerName":
    "John Smith",
    "DiscountGroupId":
    6
  },
  
  {
    "CustomerId":
    2,
    "CustomerName":
    "Peter Jones",
    "DiscountGroupId":
    6
  },
  
  {
    "CustomerId":
    3,
    "CustomerName":
    "David Stevens",
    "DiscountGroupId":
    1
  },
  
  {
    "CustomerId":
    4,
    "CustomerName":
    "James Edwards",
    "DiscountGroupId":
    5
  },
  
  {
    "CustomerId":
    5,
    "CustomerName":
    "Matthew Campbell",
    "DiscountGroupId":
    3
  },
  
  {
    "CustomerId":
    6,
    "CustomerName":
    "Dean Black",
    "DiscountGroupId":
    2
  },
  
  {
    "CustomerId":
    7,
    "CustomerName":
    "Michael Davis",
    "DiscountGroupId":
    4
  },
  
  {
    "CustomerId":
    8,
    "CustomerName":
    "Sharon Fraser",
    "DiscountGroupId":
    5
  },
  
  {
    "CustomerId":
    9,
    "CustomerName":
    "Megan Gale",
    "DiscountGroupId":
    4
  },
  {
    "CustomerId":
      10,
    "CustomerName":
      "Kelly Radcliffe",
    "DiscountGroupId":
      3
  }
]