﻿[

  {
    "DiscountGroupId": 1,
    "DiscountGroupName": "Bronze",
    "DiscountPercentage": 5
  },

  {
    "DiscountGroupId": 2,
    "DiscountGroupName": "Silver",
    "DiscountPercentage": 10
  },

  {
    "DiscountGroupId": 3,
    "DiscountGroupName": "Gold",
    "DiscountPercentage": 15
  },

  {
    "DiscountGroupId": 4,
    "DiscountGroupName": "Platinum",
    "DiscountPercentage": 20
  },

  {
    "DiscountGroupId": 5,
    "DiscountGroupName": "VIP",
    "DiscountPercentage": 25
  },

  {
    "DiscountGroupId": 6,
    "DiscountGroupName": "None",
    "DiscountPercentage": 0
  }
]